<?xml version="1.0" encoding="UTF-8"?>
<metadata xml:lang="en"><Esri><CreaDate>20191011</CreaDate><CreaTime>00284400</CreaTime><ArcGISFormat>1.0</ArcGISFormat><SyncOnce>FALSE</SyncOnce><DataProperties><itemProps><itemName Sync="TRUE">SCprecincts2010_WithOuter_FC</itemName><imsContentType Sync="TRUE">002</imsContentType><itemLocation><linkage Sync="TRUE">file://\\DESKTOP-EFCKDGO\C$\Users\amvag\Desktop\SCprecincts2010.gdb</linkage><protocol Sync="TRUE">Local Area Network</protocol></itemLocation></itemProps><coordRef><type Sync="TRUE">Projected</type><geogcsn Sync="TRUE">GCS_NAD_1983_2011</geogcsn><csUnits Sync="TRUE">Linear Unit: Meter (1.000000)</csUnits><peXml Sync="TRUE">&lt;ProjectedCoordinateSystem xsi:type='typens:ProjectedCoordinateSystem' xmlns:xsi='http://www.w3.org/2001/XMLSchema-instance' xmlns:xs='http://www.w3.org/2001/XMLSchema' xmlns:typens='http://www.esri.com/schemas/ArcGIS/10.6'&gt;&lt;WKT&gt;PROJCS[&amp;quot;NAD_1983_2011_StatePlane_South_Carolina_FIPS_3900&amp;quot;,GEOGCS[&amp;quot;GCS_NAD_1983_2011&amp;quot;,DATUM[&amp;quot;D_NAD_1983_2011&amp;quot;,SPHEROID[&amp;quot;GRS_1980&amp;quot;,6378137.0,298.257222101]],PRIMEM[&amp;quot;Greenwich&amp;quot;,0.0],UNIT[&amp;quot;Degree&amp;quot;,0.0174532925199433]],PROJECTION[&amp;quot;Lambert_Conformal_Conic&amp;quot;],PARAMETER[&amp;quot;False_Easting&amp;quot;,609600.0],PARAMETER[&amp;quot;False_Northing&amp;quot;,0.0],PARAMETER[&amp;quot;Central_Meridian&amp;quot;,-81.0],PARAMETER[&amp;quot;Standard_Parallel_1&amp;quot;,32.5],PARAMETER[&amp;quot;Standard_Parallel_2&amp;quot;,34.83333333333334],PARAMETER[&amp;quot;Latitude_Of_Origin&amp;quot;,31.83333333333333],UNIT[&amp;quot;Meter&amp;quot;,1.0],AUTHORITY[&amp;quot;EPSG&amp;quot;,6569]]&lt;/WKT&gt;&lt;XOrigin&gt;-37462300&lt;/XOrigin&gt;&lt;YOrigin&gt;-28285700&lt;/YOrigin&gt;&lt;XYScale&gt;10000&lt;/XYScale&gt;&lt;ZOrigin&gt;-100000&lt;/ZOrigin&gt;&lt;ZScale&gt;10000&lt;/ZScale&gt;&lt;MOrigin&gt;-100000&lt;/MOrigin&gt;&lt;MScale&gt;10000&lt;/MScale&gt;&lt;XYTolerance&gt;0.001&lt;/XYTolerance&gt;&lt;ZTolerance&gt;0.001&lt;/ZTolerance&gt;&lt;MTolerance&gt;0.001&lt;/MTolerance&gt;&lt;HighPrecision&gt;true&lt;/HighPrecision&gt;&lt;WKID&gt;103145&lt;/WKID&gt;&lt;LatestWKID&gt;6569&lt;/LatestWKID&gt;&lt;/ProjectedCoordinateSystem&gt;</peXml><projcsn Sync="TRUE">NAD_1983_2011_StatePlane_South_Carolina_FIPS_3900</projcsn></coordRef><lineage><Process ToolSource="c:\program files (x86)\arcgis\desktop10.6\ArcToolbox\Toolboxes\Conversion Tools.tbx\FeatureClassToFeatureClass" Date="20190906" Time="210416">FeatureClassToFeatureClass SCprecincts2010 C:\Users\amvag\Desktop\SCprecincts2010.gdb SCprecincts2010FC # "OBJECTID "OBJECTID" true true false 10 Long 0 10 ,First,#,SCprecincts2010,OBJECTID,-1,-1;ID "ID" true true false 10 Long 0 10 ,First,#,SCprecincts2010,ID,-1,-1;AREA "AREA" true true false 19 Double 0 0 ,First,#,SCprecincts2010,AREA,-1,-1;Coloring "Coloring" true true false 10 Long 0 10 ,First,#,SCprecincts2010,Coloring,-1,-1;VTD "VTD" true true false 11 Text 0 0 ,First,#,SCprecincts2010,VTD,-1,-1;County "County" true true false 5 Text 0 0 ,First,#,SCprecincts2010,County,-1,-1;State "State" true true false 2 Text 0 0 ,First,#,SCprecincts2010,State,-1,-1;MCD "MCD" true true false 10 Text 0 0 ,First,#,SCprecincts2010,MCD,-1,-1;Place "Place" true true false 7 Text 0 0 ,First,#,SCprecincts2010,Place,-1,-1;Name "Name" true true false 54 Text 0 0 ,First,#,SCprecincts2010,Name,-1,-1;Type "Type" true true false 41 Text 0 0 ,First,#,SCprecincts2010,Type,-1,-1;Population "Population" true true false 10 Long 0 10 ,First,#,SCprecincts2010,Population,-1,-1;White "White" true true false 10 Long 0 10 ,First,#,SCprecincts2010,White,-1,-1;Black "Black" true true false 10 Long 0 10 ,First,#,SCprecincts2010,Black,-1,-1;AmIndian "AmIndian" true true false 10 Long 0 10 ,First,#,SCprecincts2010,AmIndian,-1,-1;Asian "Asian" true true false 10 Long 0 10 ,First,#,SCprecincts2010,Asian,-1,-1;Hawaiian "Hawaiian" true true false 10 Long 0 10 ,First,#,SCprecincts2010,Hawaiian,-1,-1;Other "Other" true true false 10 Long 0 10 ,First,#,SCprecincts2010,Other,-1,-1;WhtBlk "WhtBlk" true true false 10 Long 0 10 ,First,#,SCprecincts2010,WhtBlk,-1,-1;WhtInd "WhtInd" true true false 10 Long 0 10 ,First,#,SCprecincts2010,WhtInd,-1,-1;WhtAsn "WhtAsn" true true false 10 Long 0 10 ,First,#,SCprecincts2010,WhtAsn,-1,-1;WhtHwn "WhtHwn" true true false 10 Long 0 10 ,First,#,SCprecincts2010,WhtHwn,-1,-1;WhtOth "WhtOth" true true false 10 Long 0 10 ,First,#,SCprecincts2010,WhtOth,-1,-1;BlkInd "BlkInd" true true false 10 Long 0 10 ,First,#,SCprecincts2010,BlkInd,-1,-1;BlkAsn "BlkAsn" true true false 10 Long 0 10 ,First,#,SCprecincts2010,BlkAsn,-1,-1;BlkHwn "BlkHwn" true true false 10 Long 0 10 ,First,#,SCprecincts2010,BlkHwn,-1,-1;BlkOth "BlkOth" true true false 10 Long 0 10 ,First,#,SCprecincts2010,BlkOth,-1,-1;IndAsn "IndAsn" true true false 10 Long 0 10 ,First,#,SCprecincts2010,IndAsn,-1,-1;IndHwn "IndHwn" true true false 10 Long 0 10 ,First,#,SCprecincts2010,IndHwn,-1,-1;IndOth "IndOth" true true false 10 Long 0 10 ,First,#,SCprecincts2010,IndOth,-1,-1;AsnHwn "AsnHwn" true true false 10 Long 0 10 ,First,#,SCprecincts2010,AsnHwn,-1,-1;AsnOth "AsnOth" true true false 10 Long 0 10 ,First,#,SCprecincts2010,AsnOth,-1,-1;HwnOth "HwnOth" true true false 10 Long 0 10 ,First,#,SCprecincts2010,HwnOth,-1,-1;WhtBlkInd "WhtBlkInd" true true false 10 Long 0 10 ,First,#,SCprecincts2010,WhtBlkInd,-1,-1;WhtBlkAsn "WhtBlkAsn" true true false 10 Long 0 10 ,First,#,SCprecincts2010,WhtBlkAsn,-1,-1;WhtBlkHwn "WhtBlkHwn" true true false 10 Long 0 10 ,First,#,SCprecincts2010,WhtBlkHwn,-1,-1;WhtBlkOth "WhtBlkOth" true true false 10 Long 0 10 ,First,#,SCprecincts2010,WhtBlkOth,-1,-1;WhtIndAsn "WhtIndAsn" true true false 10 Long 0 10 ,First,#,SCprecincts2010,WhtIndAsn,-1,-1;WhtIndHwn "WhtIndHwn" true true false 10 Long 0 10 ,First,#,SCprecincts2010,WhtIndHwn,-1,-1;WhtIndOth "WhtIndOth" true true false 10 Long 0 10 ,First,#,SCprecincts2010,WhtIndOth,-1,-1;WhtAsnHwn "WhtAsnHwn" true true false 10 Long 0 10 ,First,#,SCprecincts2010,WhtAsnHwn,-1,-1;WhtAsnOth "WhtAsnOth" true true false 10 Long 0 10 ,First,#,SCprecincts2010,WhtAsnOth,-1,-1;WhtHwnOth "WhtHwnOth" true true false 10 Long 0 10 ,First,#,SCprecincts2010,WhtHwnOth,-1,-1;BlkIndAsn "BlkIndAsn" true true false 10 Long 0 10 ,First,#,SCprecincts2010,BlkIndAsn,-1,-1;BlkIndHwn "BlkIndHwn" true true false 10 Long 0 10 ,First,#,SCprecincts2010,BlkIndHwn,-1,-1;BlkIndOth "BlkIndOth" true true false 10 Long 0 10 ,First,#,SCprecincts2010,BlkIndOth,-1,-1;BlkAsnHwn "BlkAsnHwn" true true false 10 Long 0 10 ,First,#,SCprecincts2010,BlkAsnHwn,-1,-1;BlkAsnOth "BlkAsnOth" true true false 10 Long 0 10 ,First,#,SCprecincts2010,BlkAsnOth,-1,-1;BlkHwnOth "BlkHwnOth" true true false 10 Long 0 10 ,First,#,SCprecincts2010,BlkHwnOth,-1,-1;IndAsnHwn "IndAsnHwn" true true false 10 Long 0 10 ,First,#,SCprecincts2010,IndAsnHwn,-1,-1;IndAsnOth "IndAsnOth" true true false 10 Long 0 10 ,First,#,SCprecincts2010,IndAsnOth,-1,-1;IndHwnOth "IndHwnOth" true true false 10 Long 0 10 ,First,#,SCprecincts2010,IndHwnOth,-1,-1;AsnHwnOth "AsnHwnOth" true true false 10 Long 0 10 ,First,#,SCprecincts2010,AsnHwnOth,-1,-1;WhtBlkIndA "WhtBlkIndA" true true false 10 Long 0 10 ,First,#,SCprecincts2010,WhtBlkIndA,-1,-1;WhtBlkIndH "WhtBlkIndH" true true false 10 Long 0 10 ,First,#,SCprecincts2010,WhtBlkIndH,-1,-1;WhtBlkIndO "WhtBlkIndO" true true false 10 Long 0 10 ,First,#,SCprecincts2010,WhtBlkIndO,-1,-1;WhtBlkAsnH "WhtBlkAsnH" true true false 10 Long 0 10 ,First,#,SCprecincts2010,WhtBlkAsnH,-1,-1;WhtBlkAsnO "WhtBlkAsnO" true true false 10 Long 0 10 ,First,#,SCprecincts2010,WhtBlkAsnO,-1,-1;WhtBlkHwnO "WhtBlkHwnO" true true false 10 Long 0 10 ,First,#,SCprecincts2010,WhtBlkHwnO,-1,-1;WhtIndAsnH "WhtIndAsnH" true true false 10 Long 0 10 ,First,#,SCprecincts2010,WhtIndAsnH,-1,-1;WhtIndAsnO "WhtIndAsnO" true true false 10 Long 0 10 ,First,#,SCprecincts2010,WhtIndAsnO,-1,-1;WhtIndHwnO "WhtIndHwnO" true true false 10 Long 0 10 ,First,#,SCprecincts2010,WhtIndHwnO,-1,-1;WhtAsnHwnO "WhtAsnHwnO" true true false 10 Long 0 10 ,First,#,SCprecincts2010,WhtAsnHwnO,-1,-1;BlkIndAsnH "BlkIndAsnH" true true false 10 Long 0 10 ,First,#,SCprecincts2010,BlkIndAsnH,-1,-1;BlkIndAsnO "BlkIndAsnO" true true false 10 Long 0 10 ,First,#,SCprecincts2010,BlkIndAsnO,-1,-1;BlkIndHwnO "BlkIndHwnO" true true false 10 Long 0 10 ,First,#,SCprecincts2010,BlkIndHwnO,-1,-1;BlkAsnHwnO "BlkAsnHwnO" true true false 10 Long 0 10 ,First,#,SCprecincts2010,BlkAsnHwnO,-1,-1;IndAsnHwnO "IndAsnHwnO" true true false 10 Long 0 10 ,First,#,SCprecincts2010,IndAsnHwnO,-1,-1;WhtBlkIn_1 "WhtBlkIn_1" true true false 10 Long 0 10 ,First,#,SCprecincts2010,WhtBlkIn_1,-1,-1;WhtBlkIn_2 "WhtBlkIn_2" true true false 10 Long 0 10 ,First,#,SCprecincts2010,WhtBlkIn_2,-1,-1;WhtBlkIn_3 "WhtBlkIn_3" true true false 10 Long 0 10 ,First,#,SCprecincts2010,WhtBlkIn_3,-1,-1;WhtBlkAs_1 "WhtBlkAs_1" true true false 10 Long 0 10 ,First,#,SCprecincts2010,WhtBlkAs_1,-1,-1;WhtIndAs_1 "WhtIndAs_1" true true false 10 Long 0 10 ,First,#,SCprecincts2010,WhtIndAs_1,-1,-1;BlkIndAs_1 "BlkIndAs_1" true true false 10 Long 0 10 ,First,#,SCprecincts2010,BlkIndAs_1,-1,-1;All_Races "All_Races" true true false 10 Long 0 10 ,First,#,SCprecincts2010,All_Races,-1,-1;AP_Wht "AP_Wht" true true false 10 Long 0 10 ,First,#,SCprecincts2010,AP_Wht,-1,-1;NP_Wht "NP_Wht" true true false 10 Long 0 10 ,First,#,SCprecincts2010,NP_Wht,-1,-1;AP_Blk "AP_Blk" true true false 10 Long 0 10 ,First,#,SCprecincts2010,AP_Blk,-1,-1;NP_Blk "NP_Blk" true true false 10 Long 0 10 ,First,#,SCprecincts2010,NP_Blk,-1,-1;AP_Ind "AP_Ind" true true false 10 Long 0 10 ,First,#,SCprecincts2010,AP_Ind,-1,-1;NP_Ind "NP_Ind" true true false 10 Long 0 10 ,First,#,SCprecincts2010,NP_Ind,-1,-1;AP_Asn "AP_Asn" true true false 10 Long 0 10 ,First,#,SCprecincts2010,AP_Asn,-1,-1;NP_Asn "NP_Asn" true true false 10 Long 0 10 ,First,#,SCprecincts2010,NP_Asn,-1,-1;AP_Hwn "AP_Hwn" true true false 10 Long 0 10 ,First,#,SCprecincts2010,AP_Hwn,-1,-1;NP_Hwn "NP_Hwn" true true false 10 Long 0 10 ,First,#,SCprecincts2010,NP_Hwn,-1,-1;AP_Oth "AP_Oth" true true false 10 Long 0 10 ,First,#,SCprecincts2010,AP_Oth,-1,-1;NP_Oth "NP_Oth" true true false 10 Long 0 10 ,First,#,SCprecincts2010,NP_Oth,-1,-1;_1_Race "_1_Race" true true false 10 Long 0 10 ,First,#,SCprecincts2010,_1_Race,-1,-1;_2__Races "_2__Races" true true false 10 Long 0 10 ,First,#,SCprecincts2010,_2__Races,-1,-1;_2_Races "_2_Races" true true false 10 Long 0 10 ,First,#,SCprecincts2010,_2_Races,-1,-1;_3_Races "_3_Races" true true false 10 Long 0 10 ,First,#,SCprecincts2010,_3_Races,-1,-1;_4_Races "_4_Races" true true false 10 Long 0 10 ,First,#,SCprecincts2010,_4_Races,-1,-1;_5_Races "_5_Races" true true false 10 Long 0 10 ,First,#,SCprecincts2010,_5_Races,-1,-1;Hispanic_O "Hispanic_O" true true false 10 Long 0 10 ,First,#,SCprecincts2010,Hispanic_O,-1,-1;Not_Hispan "Not_Hispan" true true false 10 Long 0 10 ,First,#,SCprecincts2010,Not_Hispan,-1,-1;NH_Wht "NH_Wht" true true false 10 Long 0 10 ,First,#,SCprecincts2010,NH_Wht,-1,-1;NH_Blk "NH_Blk" true true false 10 Long 0 10 ,First,#,SCprecincts2010,NH_Blk,-1,-1;NH_Ind "NH_Ind" true true false 10 Long 0 10 ,First,#,SCprecincts2010,NH_Ind,-1,-1;NH_Asn "NH_Asn" true true false 10 Long 0 10 ,First,#,SCprecincts2010,NH_Asn,-1,-1;NH_Hwn "NH_Hwn" true true false 10 Long 0 10 ,First,#,SCprecincts2010,NH_Hwn,-1,-1;NH_Oth "NH_Oth" true true false 10 Long 0 10 ,First,#,SCprecincts2010,NH_Oth,-1,-1;NH_WhtBlk "NH_WhtBlk" true true false 10 Long 0 10 ,First,#,SCprecincts2010,NH_WhtBlk,-1,-1;NH_WhtInd "NH_WhtInd" true true false 10 Long 0 10 ,First,#,SCprecincts2010,NH_WhtInd,-1,-1;NH_WhtAsn "NH_WhtAsn" true true false 10 Long 0 10 ,First,#,SCprecincts2010,NH_WhtAsn,-1,-1;NH_WhtHwn "NH_WhtHwn" true true false 10 Long 0 10 ,First,#,SCprecincts2010,NH_WhtHwn,-1,-1;NH_WhtOth "NH_WhtOth" true true false 10 Long 0 10 ,First,#,SCprecincts2010,NH_WhtOth,-1,-1;NH_BlkInd "NH_BlkInd" true true false 10 Long 0 10 ,First,#,SCprecincts2010,NH_BlkInd,-1,-1;NH_BlkAsn "NH_BlkAsn" true true false 10 Long 0 10 ,First,#,SCprecincts2010,NH_BlkAsn,-1,-1;NH_BlkHwn "NH_BlkHwn" true true false 10 Long 0 10 ,First,#,SCprecincts2010,NH_BlkHwn,-1,-1;NH_BlkOth "NH_BlkOth" true true false 10 Long 0 10 ,First,#,SCprecincts2010,NH_BlkOth,-1,-1;NH_IndAsn "NH_IndAsn" true true false 10 Long 0 10 ,First,#,SCprecincts2010,NH_IndAsn,-1,-1;NH_IndHwn "NH_IndHwn" true true false 10 Long 0 10 ,First,#,SCprecincts2010,NH_IndHwn,-1,-1;NH_IndOth "NH_IndOth" true true false 10 Long 0 10 ,First,#,SCprecincts2010,NH_IndOth,-1,-1;NH_AsnHwn "NH_AsnHwn" true true false 10 Long 0 10 ,First,#,SCprecincts2010,NH_AsnHwn,-1,-1;NH_AsnOth "NH_AsnOth" true true false 10 Long 0 10 ,First,#,SCprecincts2010,NH_AsnOth,-1,-1;NH_HwnOth "NH_HwnOth" true true false 10 Long 0 10 ,First,#,SCprecincts2010,NH_HwnOth,-1,-1;NH_WhtBlkI "NH_WhtBlkI" true true false 10 Long 0 10 ,First,#,SCprecincts2010,NH_WhtBlkI,-1,-1;NH_WhtBlkA "NH_WhtBlkA" true true false 10 Long 0 10 ,First,#,SCprecincts2010,NH_WhtBlkA,-1,-1;NH_WhtBlkH "NH_WhtBlkH" true true false 10 Long 0 10 ,First,#,SCprecincts2010,NH_WhtBlkH,-1,-1;NH_WhtBlkO "NH_WhtBlkO" true true false 10 Long 0 10 ,First,#,SCprecincts2010,NH_WhtBlkO,-1,-1;NH_WhtIndA "NH_WhtIndA" true true false 10 Long 0 10 ,First,#,SCprecincts2010,NH_WhtIndA,-1,-1;NH_WhtIndH "NH_WhtIndH" true true false 10 Long 0 10 ,First,#,SCprecincts2010,NH_WhtIndH,-1,-1;NH_WhtIndO "NH_WhtIndO" true true false 10 Long 0 10 ,First,#,SCprecincts2010,NH_WhtIndO,-1,-1;NH_WhtAsnH "NH_WhtAsnH" true true false 10 Long 0 10 ,First,#,SCprecincts2010,NH_WhtAsnH,-1,-1;NH_WhtAsnO "NH_WhtAsnO" true true false 10 Long 0 10 ,First,#,SCprecincts2010,NH_WhtAsnO,-1,-1;NH_WhtHwnO "NH_WhtHwnO" true true false 10 Long 0 10 ,First,#,SCprecincts2010,NH_WhtHwnO,-1,-1;NH_BlkIndA "NH_BlkIndA" true true false 10 Long 0 10 ,First,#,SCprecincts2010,NH_BlkIndA,-1,-1;NH_BlkIndH "NH_BlkIndH" true true false 10 Long 0 10 ,First,#,SCprecincts2010,NH_BlkIndH,-1,-1;NH_BlkIndO "NH_BlkIndO" true true false 10 Long 0 10 ,First,#,SCprecincts2010,NH_BlkIndO,-1,-1;NH_BlkAsnH "NH_BlkAsnH" true true false 10 Long 0 10 ,First,#,SCprecincts2010,NH_BlkAsnH,-1,-1;NH_BlkAsnO "NH_BlkAsnO" true true false 10 Long 0 10 ,First,#,SCprecincts2010,NH_BlkAsnO,-1,-1;NH_BlkHwnO "NH_BlkHwnO" true true false 10 Long 0 10 ,First,#,SCprecincts2010,NH_BlkHwnO,-1,-1;NH_IndAsnH "NH_IndAsnH" true true false 10 Long 0 10 ,First,#,SCprecincts2010,NH_IndAsnH,-1,-1;NH_IndAsnO "NH_IndAsnO" true true false 10 Long 0 10 ,First,#,SCprecincts2010,NH_IndAsnO,-1,-1;NH_IndHwnO "NH_IndHwnO" true true false 10 Long 0 10 ,First,#,SCprecincts2010,NH_IndHwnO,-1,-1;NH_AsnHwnO "NH_AsnHwnO" true true false 10 Long 0 10 ,First,#,SCprecincts2010,NH_AsnHwnO,-1,-1;NH_WhtBl_1 "NH_WhtBl_1" true true false 10 Long 0 10 ,First,#,SCprecincts2010,NH_WhtBl_1,-1,-1;NH_WhtBl_2 "NH_WhtBl_2" true true false 10 Long 0 10 ,First,#,SCprecincts2010,NH_WhtBl_2,-1,-1;NH_WhtBl_3 "NH_WhtBl_3" true true false 10 Long 0 10 ,First,#,SCprecincts2010,NH_WhtBl_3,-1,-1;NH_WhtBl_4 "NH_WhtBl_4" true true false 10 Long 0 10 ,First,#,SCprecincts2010,NH_WhtBl_4,-1,-1;NH_WhtBl_5 "NH_WhtBl_5" true true false 10 Long 0 10 ,First,#,SCprecincts2010,NH_WhtBl_5,-1,-1;NH_WhtBl_6 "NH_WhtBl_6" true true false 10 Long 0 10 ,First,#,SCprecincts2010,NH_WhtBl_6,-1,-1;NH_WhtIn_1 "NH_WhtIn_1" true true false 10 Long 0 10 ,First,#,SCprecincts2010,NH_WhtIn_1,-1,-1;NH_WhtIn_2 "NH_WhtIn_2" true true false 10 Long 0 10 ,First,#,SCprecincts2010,NH_WhtIn_2,-1,-1;NH_WhtIn_3 "NH_WhtIn_3" true true false 10 Long 0 10 ,First,#,SCprecincts2010,NH_WhtIn_3,-1,-1;NH_WhtAs_1 "NH_WhtAs_1" true true false 10 Long 0 10 ,First,#,SCprecincts2010,NH_WhtAs_1,-1,-1;NH_BlkIn_1 "NH_BlkIn_1" true true false 10 Long 0 10 ,First,#,SCprecincts2010,NH_BlkIn_1,-1,-1;NH_BlkIn_2 "NH_BlkIn_2" true true false 10 Long 0 10 ,First,#,SCprecincts2010,NH_BlkIn_2,-1,-1;NH_BlkIn_3 "NH_BlkIn_3" true true false 10 Long 0 10 ,First,#,SCprecincts2010,NH_BlkIn_3,-1,-1;NH_BlkAs_1 "NH_BlkAs_1" true true false 10 Long 0 10 ,First,#,SCprecincts2010,NH_BlkAs_1,-1,-1;NH_IndAs_1 "NH_IndAs_1" true true false 10 Long 0 10 ,First,#,SCprecincts2010,NH_IndAs_1,-1,-1;NH_WhtBl_7 "NH_WhtBl_7" true true false 10 Long 0 10 ,First,#,SCprecincts2010,NH_WhtBl_7,-1,-1;NH_WhtBl_8 "NH_WhtBl_8" true true false 10 Long 0 10 ,First,#,SCprecincts2010,NH_WhtBl_8,-1,-1;NH_WhtBl_9 "NH_WhtBl_9" true true false 10 Long 0 10 ,First,#,SCprecincts2010,NH_WhtBl_9,-1,-1;NH_WhtB_10 "NH_WhtB_10" true true false 10 Long 0 10 ,First,#,SCprecincts2010,NH_WhtB_10,-1,-1;NH_WhtIn_4 "NH_WhtIn_4" true true false 10 Long 0 10 ,First,#,SCprecincts2010,NH_WhtIn_4,-1,-1;NH_BlkIn_4 "NH_BlkIn_4" true true false 10 Long 0 10 ,First,#,SCprecincts2010,NH_BlkIn_4,-1,-1;NH_All_Rac "NH_All_Rac" true true false 10 Long 0 10 ,First,#,SCprecincts2010,NH_All_Rac,-1,-1;NH_AP_Wht "NH_AP_Wht" true true false 10 Long 0 10 ,First,#,SCprecincts2010,NH_AP_Wht,-1,-1;NH_NP_Wht "NH_NP_Wht" true true false 10 Long 0 10 ,First,#,SCprecincts2010,NH_NP_Wht,-1,-1;NH_AP_Blk "NH_AP_Blk" true true false 10 Long 0 10 ,First,#,SCprecincts2010,NH_AP_Blk,-1,-1;NH_NP_Blk "NH_NP_Blk" true true false 10 Long 0 10 ,First,#,SCprecincts2010,NH_NP_Blk,-1,-1;NH_AP_Ind "NH_AP_Ind" true true false 10 Long 0 10 ,First,#,SCprecincts2010,NH_AP_Ind,-1,-1;NH_NP_Ind "NH_NP_Ind" true true false 10 Long 0 10 ,First,#,SCprecincts2010,NH_NP_Ind,-1,-1;NH_AP_Asn "NH_AP_Asn" true true false 10 Long 0 10 ,First,#,SCprecincts2010,NH_AP_Asn,-1,-1;NH_NP_Asn "NH_NP_Asn" true true false 10 Long 0 10 ,First,#,SCprecincts2010,NH_NP_Asn,-1,-1;NH_AP_Hwn "NH_AP_Hwn" true true false 10 Long 0 10 ,First,#,SCprecincts2010,NH_AP_Hwn,-1,-1;NH_NP_Hwn "NH_NP_Hwn" true true false 10 Long 0 10 ,First,#,SCprecincts2010,NH_NP_Hwn,-1,-1;NH_AP_Oth "NH_AP_Oth" true true false 10 Long 0 10 ,First,#,SCprecincts2010,NH_AP_Oth,-1,-1;NH_NP_Oth "NH_NP_Oth" true true false 10 Long 0 10 ,First,#,SCprecincts2010,NH_NP_Oth,-1,-1;NH_1_Race "NH_1_Race" true true false 10 Long 0 10 ,First,#,SCprecincts2010,NH_1_Race,-1,-1;NH_2__Race "NH_2__Race" true true false 10 Long 0 10 ,First,#,SCprecincts2010,NH_2__Race,-1,-1;NH_2_Races "NH_2_Races" true true false 10 Long 0 10 ,First,#,SCprecincts2010,NH_2_Races,-1,-1;NH_3_Races "NH_3_Races" true true false 10 Long 0 10 ,First,#,SCprecincts2010,NH_3_Races,-1,-1;NH_4_Races "NH_4_Races" true true false 10 Long 0 10 ,First,#,SCprecincts2010,NH_4_Races,-1,-1;NH_5_Races "NH_5_Races" true true false 10 Long 0 10 ,First,#,SCprecincts2010,NH_5_Races,-1,-1;NH_DOJ_Blk "NH_DOJ_Blk" true true false 10 Long 0 10 ,First,#,SCprecincts2010,NH_DOJ_Blk,-1,-1;NH_DOJ_Ind "NH_DOJ_Ind" true true false 10 Long 0 10 ,First,#,SCprecincts2010,NH_DOJ_Ind,-1,-1;NH_DOJ_Asn "NH_DOJ_Asn" true true false 10 Long 0 10 ,First,#,SCprecincts2010,NH_DOJ_Asn,-1,-1;NH_DOJ_Hwn "NH_DOJ_Hwn" true true false 10 Long 0 10 ,First,#,SCprecincts2010,NH_DOJ_Hwn,-1,-1;NH_DOJ_Oth "NH_DOJ_Oth" true true false 10 Long 0 10 ,First,#,SCprecincts2010,NH_DOJ_Oth,-1,-1;NH_DOJ_O_1 "NH_DOJ_O_1" true true false 10 Long 0 10 ,First,#,SCprecincts2010,NH_DOJ_O_1,-1,-1;_18__Pop "_18__Pop" true true false 10 Long 0 10 ,First,#,SCprecincts2010,_18__Pop,-1,-1;_18__Wht "_18__Wht" true true false 10 Long 0 10 ,First,#,SCprecincts2010,_18__Wht,-1,-1;_18__Blk "_18__Blk" true true false 10 Long 0 10 ,First,#,SCprecincts2010,_18__Blk,-1,-1;_18__Ind "_18__Ind" true true false 10 Long 0 10 ,First,#,SCprecincts2010,_18__Ind,-1,-1;_18__Asn "_18__Asn" true true false 10 Long 0 10 ,First,#,SCprecincts2010,_18__Asn,-1,-1;_18__Hwn "_18__Hwn" true true false 10 Long 0 10 ,First,#,SCprecincts2010,_18__Hwn,-1,-1;_18__Oth "_18__Oth" true true false 10 Long 0 10 ,First,#,SCprecincts2010,_18__Oth,-1,-1;_18__WhtBl "_18__WhtBl" true true false 10 Long 0 10 ,First,#,SCprecincts2010,_18__WhtBl,-1,-1;_18__WhtIn "_18__WhtIn" true true false 10 Long 0 10 ,First,#,SCprecincts2010,_18__WhtIn,-1,-1;_18__WhtAs "_18__WhtAs" true true false 10 Long 0 10 ,First,#,SCprecincts2010,_18__WhtAs,-1,-1;_18__WhtHw "_18__WhtHw" true true false 10 Long 0 10 ,First,#,SCprecincts2010,_18__WhtHw,-1,-1;_18__WhtOt "_18__WhtOt" true true false 10 Long 0 10 ,First,#,SCprecincts2010,_18__WhtOt,-1,-1;_18__BlkIn "_18__BlkIn" true true false 10 Long 0 10 ,First,#,SCprecincts2010,_18__BlkIn,-1,-1;_18__BlkAs "_18__BlkAs" true true false 10 Long 0 10 ,First,#,SCprecincts2010,_18__BlkAs,-1,-1;_18__BlkHw "_18__BlkHw" true true false 10 Long 0 10 ,First,#,SCprecincts2010,_18__BlkHw,-1,-1;_18__BlkOt "_18__BlkOt" true true false 10 Long 0 10 ,First,#,SCprecincts2010,_18__BlkOt,-1,-1;_18__IndAs "_18__IndAs" true true false 10 Long 0 10 ,First,#,SCprecincts2010,_18__IndAs,-1,-1;_18__IndHw "_18__IndHw" true true false 10 Long 0 10 ,First,#,SCprecincts2010,_18__IndHw,-1,-1;_18__IndOt "_18__IndOt" true true false 10 Long 0 10 ,First,#,SCprecincts2010,_18__IndOt,-1,-1;_18__AsnHw "_18__AsnHw" true true false 10 Long 0 10 ,First,#,SCprecincts2010,_18__AsnHw,-1,-1;_18__AsnOt "_18__AsnOt" true true false 10 Long 0 10 ,First,#,SCprecincts2010,_18__AsnOt,-1,-1;_18__HwnOt "_18__HwnOt" true true false 10 Long 0 10 ,First,#,SCprecincts2010,_18__HwnOt,-1,-1;_18__Wht_1 "_18__Wht_1" true true false 10 Long 0 10 ,First,#,SCprecincts2010,_18__Wht_1,-1,-1;_18__Wht_2 "_18__Wht_2" true true false 10 Long 0 10 ,First,#,SCprecincts2010,_18__Wht_2,-1,-1;_18__Wht_3 "_18__Wht_3" true true false 10 Long 0 10 ,First,#,SCprecincts2010,_18__Wht_3,-1,-1;_18__Wht_4 "_18__Wht_4" true true false 10 Long 0 10 ,First,#,SCprecincts2010,_18__Wht_4,-1,-1;_18__Wht_5 "_18__Wht_5" true true false 10 Long 0 10 ,First,#,SCprecincts2010,_18__Wht_5,-1,-1;_18__Wht_6 "_18__Wht_6" true true false 10 Long 0 10 ,First,#,SCprecincts2010,_18__Wht_6,-1,-1;_18__Wht_7 "_18__Wht_7" true true false 10 Long 0 10 ,First,#,SCprecincts2010,_18__Wht_7,-1,-1;_18__Wht_8 "_18__Wht_8" true true false 10 Long 0 10 ,First,#,SCprecincts2010,_18__Wht_8,-1,-1;_18__Wht_9 "_18__Wht_9" true true false 10 Long 0 10 ,First,#,SCprecincts2010,_18__Wht_9,-1,-1;_18__Wh_10 "_18__Wh_10" true true false 10 Long 0 10 ,First,#,SCprecincts2010,_18__Wh_10,-1,-1;_18__Blk_1 "_18__Blk_1" true true false 10 Long 0 10 ,First,#,SCprecincts2010,_18__Blk_1,-1,-1;_18__Blk_2 "_18__Blk_2" true true false 10 Long 0 10 ,First,#,SCprecincts2010,_18__Blk_2,-1,-1;_18__Blk_3 "_18__Blk_3" true true false 10 Long 0 10 ,First,#,SCprecincts2010,_18__Blk_3,-1,-1;_18__Blk_4 "_18__Blk_4" true true false 10 Long 0 10 ,First,#,SCprecincts2010,_18__Blk_4,-1,-1;_18__Blk_5 "_18__Blk_5" true true false 10 Long 0 10 ,First,#,SCprecincts2010,_18__Blk_5,-1,-1;_18__Blk_6 "_18__Blk_6" true true false 10 Long 0 10 ,First,#,SCprecincts2010,_18__Blk_6,-1,-1;_18__Ind_1 "_18__Ind_1" true true false 10 Long 0 10 ,First,#,SCprecincts2010,_18__Ind_1,-1,-1;_18__Ind_2 "_18__Ind_2" true true false 10 Long 0 10 ,First,#,SCprecincts2010,_18__Ind_2,-1,-1;_18__Ind_3 "_18__Ind_3" true true false 10 Long 0 10 ,First,#,SCprecincts2010,_18__Ind_3,-1,-1;_18__Asn_1 "_18__Asn_1" true true false 10 Long 0 10 ,First,#,SCprecincts2010,_18__Asn_1,-1,-1;_18__Wh_11 "_18__Wh_11" true true false 10 Long 0 10 ,First,#,SCprecincts2010,_18__Wh_11,-1,-1;_18__Wh_12 "_18__Wh_12" true true false 10 Long 0 10 ,First,#,SCprecincts2010,_18__Wh_12,-1,-1;_18__Wh_13 "_18__Wh_13" true true false 10 Long 0 10 ,First,#,SCprecincts2010,_18__Wh_13,-1,-1;_18__Wh_14 "_18__Wh_14" true true false 10 Long 0 10 ,First,#,SCprecincts2010,_18__Wh_14,-1,-1;_18__Wh_15 "_18__Wh_15" true true false 10 Long 0 10 ,First,#,SCprecincts2010,_18__Wh_15,-1,-1;_18__Wh_16 "_18__Wh_16" true true false 10 Long 0 10 ,First,#,SCprecincts2010,_18__Wh_16,-1,-1;_18__Wh_17 "_18__Wh_17" true true false 10 Long 0 10 ,First,#,SCprecincts2010,_18__Wh_17,-1,-1;_18__Wh_18 "_18__Wh_18" true true false 10 Long 0 10 ,First,#,SCprecincts2010,_18__Wh_18,-1,-1;_18__Wh_19 "_18__Wh_19" true true false 10 Long 0 10 ,First,#,SCprecincts2010,_18__Wh_19,-1,-1;_18__Wh_20 "_18__Wh_20" true true false 10 Long 0 10 ,First,#,SCprecincts2010,_18__Wh_20,-1,-1;_18__Blk_7 "_18__Blk_7" true true false 10 Long 0 10 ,First,#,SCprecincts2010,_18__Blk_7,-1,-1;_18__Blk_8 "_18__Blk_8" true true false 10 Long 0 10 ,First,#,SCprecincts2010,_18__Blk_8,-1,-1;_18__Blk_9 "_18__Blk_9" true true false 10 Long 0 10 ,First,#,SCprecincts2010,_18__Blk_9,-1,-1;_18__Bl_10 "_18__Bl_10" true true false 10 Long 0 10 ,First,#,SCprecincts2010,_18__Bl_10,-1,-1;_18__Ind_4 "_18__Ind_4" true true false 10 Long 0 10 ,First,#,SCprecincts2010,_18__Ind_4,-1,-1;_18__Wh_21 "_18__Wh_21" true true false 10 Long 0 10 ,First,#,SCprecincts2010,_18__Wh_21,-1,-1;_18__Wh_22 "_18__Wh_22" true true false 10 Long 0 10 ,First,#,SCprecincts2010,_18__Wh_22,-1,-1;_18__Wh_23 "_18__Wh_23" true true false 10 Long 0 10 ,First,#,SCprecincts2010,_18__Wh_23,-1,-1;_18__Wh_24 "_18__Wh_24" true true false 10 Long 0 10 ,First,#,SCprecincts2010,_18__Wh_24,-1,-1;_18__Wh_25 "_18__Wh_25" true true false 10 Long 0 10 ,First,#,SCprecincts2010,_18__Wh_25,-1,-1;_18__Bl_11 "_18__Bl_11" true true false 10 Long 0 10 ,First,#,SCprecincts2010,_18__Bl_11,-1,-1;_18__All_R "_18__All_R" true true false 10 Long 0 10 ,First,#,SCprecincts2010,_18__All_R,-1,-1;_18__AP_Wh "_18__AP_Wh" true true false 10 Long 0 10 ,First,#,SCprecincts2010,_18__AP_Wh,-1,-1;_18__NP_Wh "_18__NP_Wh" true true false 10 Long 0 10 ,First,#,SCprecincts2010,_18__NP_Wh,-1,-1;_18__AP_Bl "_18__AP_Bl" true true false 10 Long 0 10 ,First,#,SCprecincts2010,_18__AP_Bl,-1,-1;_18__NP_Bl "_18__NP_Bl" true true false 10 Long 0 10 ,First,#,SCprecincts2010,_18__NP_Bl,-1,-1;_18__AP_In "_18__AP_In" true true false 10 Long 0 10 ,First,#,SCprecincts2010,_18__AP_In,-1,-1;_18__NP_In "_18__NP_In" true true false 10 Long 0 10 ,First,#,SCprecincts2010,_18__NP_In,-1,-1;_18__AP_As "_18__AP_As" true true false 10 Long 0 10 ,First,#,SCprecincts2010,_18__AP_As,-1,-1;_18__NP_As "_18__NP_As" true true false 10 Long 0 10 ,First,#,SCprecincts2010,_18__NP_As,-1,-1;_18__AP_Hw "_18__AP_Hw" true true false 10 Long 0 10 ,First,#,SCprecincts2010,_18__AP_Hw,-1,-1;_18__NP_Hw "_18__NP_Hw" true true false 10 Long 0 10 ,First,#,SCprecincts2010,_18__NP_Hw,-1,-1;_18__AP_Ot "_18__AP_Ot" true true false 10 Long 0 10 ,First,#,SCprecincts2010,_18__AP_Ot,-1,-1;_18__NP_Ot "_18__NP_Ot" true true false 10 Long 0 10 ,First,#,SCprecincts2010,_18__NP_Ot,-1,-1;_18__1_Rac "_18__1_Rac" true true false 10 Long 0 10 ,First,#,SCprecincts2010,_18__1_Rac,-1,-1;_18__2__Ra "_18__2__Ra" true true false 10 Long 0 10 ,First,#,SCprecincts2010,_18__2__Ra,-1,-1;_18__2_Rac "_18__2_Rac" true true false 10 Long 0 10 ,First,#,SCprecincts2010,_18__2_Rac,-1,-1;_18__3_Rac "_18__3_Rac" true true false 10 Long 0 10 ,First,#,SCprecincts2010,_18__3_Rac,-1,-1;_18__4_Rac "_18__4_Rac" true true false 10 Long 0 10 ,First,#,SCprecincts2010,_18__4_Rac,-1,-1;_18__5_Rac "_18__5_Rac" true true false 10 Long 0 10 ,First,#,SCprecincts2010,_18__5_Rac,-1,-1;H18__Pop "H18__Pop" true true false 10 Long 0 10 ,First,#,SCprecincts2010,H18__Pop,-1,-1;NH18__Pop "NH18__Pop" true true false 10 Long 0 10 ,First,#,SCprecincts2010,NH18__Pop,-1,-1;NH18__Wht "NH18__Wht" true true false 10 Long 0 10 ,First,#,SCprecincts2010,NH18__Wht,-1,-1;NH18__Blk "NH18__Blk" true true false 10 Long 0 10 ,First,#,SCprecincts2010,NH18__Blk,-1,-1;NH18__Ind "NH18__Ind" true true false 10 Long 0 10 ,First,#,SCprecincts2010,NH18__Ind,-1,-1;NH18__Asn "NH18__Asn" true true false 10 Long 0 10 ,First,#,SCprecincts2010,NH18__Asn,-1,-1;NH18__Hwn "NH18__Hwn" true true false 10 Long 0 10 ,First,#,SCprecincts2010,NH18__Hwn,-1,-1;NH18__Oth "NH18__Oth" true true false 10 Long 0 10 ,First,#,SCprecincts2010,NH18__Oth,-1,-1;NH18__WhtB "NH18__WhtB" true true false 10 Long 0 10 ,First,#,SCprecincts2010,NH18__WhtB,-1,-1;NH18__WhtI "NH18__WhtI" true true false 10 Long 0 10 ,First,#,SCprecincts2010,NH18__WhtI,-1,-1;NH18__WhtA "NH18__WhtA" true true false 10 Long 0 10 ,First,#,SCprecincts2010,NH18__WhtA,-1,-1;NH18__WhtH "NH18__WhtH" true true false 10 Long 0 10 ,First,#,SCprecincts2010,NH18__WhtH,-1,-1;NH18__WhtO "NH18__WhtO" true true false 10 Long 0 10 ,First,#,SCprecincts2010,NH18__WhtO,-1,-1;NH18__BlkI "NH18__BlkI" true true false 10 Long 0 10 ,First,#,SCprecincts2010,NH18__BlkI,-1,-1;NH18__BlkA "NH18__BlkA" true true false 10 Long 0 10 ,First,#,SCprecincts2010,NH18__BlkA,-1,-1;NH18__BlkH "NH18__BlkH" true true false 10 Long 0 10 ,First,#,SCprecincts2010,NH18__BlkH,-1,-1;NH18__BlkO "NH18__BlkO" true true false 10 Long 0 10 ,First,#,SCprecincts2010,NH18__BlkO,-1,-1;NH18__IndA "NH18__IndA" true true false 10 Long 0 10 ,First,#,SCprecincts2010,NH18__IndA,-1,-1;NH18__IndH "NH18__IndH" true true false 10 Long 0 10 ,First,#,SCprecincts2010,NH18__IndH,-1,-1;NH18__IndO "NH18__IndO" true true false 10 Long 0 10 ,First,#,SCprecincts2010,NH18__IndO,-1,-1;NH18__AsnH "NH18__AsnH" true true false 10 Long 0 10 ,First,#,SCprecincts2010,NH18__AsnH,-1,-1;NH18__AsnO "NH18__AsnO" true true false 10 Long 0 10 ,First,#,SCprecincts2010,NH18__AsnO,-1,-1;NH18__HwnO "NH18__HwnO" true true false 10 Long 0 10 ,First,#,SCprecincts2010,NH18__HwnO,-1,-1;NH18__Wh_1 "NH18__Wh_1" true true false 10 Long 0 10 ,First,#,SCprecincts2010,NH18__Wh_1,-1,-1;NH18__Wh_2 "NH18__Wh_2" true true false 10 Long 0 10 ,First,#,SCprecincts2010,NH18__Wh_2,-1,-1;NH18__Wh_3 "NH18__Wh_3" true true false 10 Long 0 10 ,First,#,SCprecincts2010,NH18__Wh_3,-1,-1;NH18__Wh_4 "NH18__Wh_4" true true false 10 Long 0 10 ,First,#,SCprecincts2010,NH18__Wh_4,-1,-1;NH18__Wh_5 "NH18__Wh_5" true true false 10 Long 0 10 ,First,#,SCprecincts2010,NH18__Wh_5,-1,-1;NH18__Wh_6 "NH18__Wh_6" true true false 10 Long 0 10 ,First,#,SCprecincts2010,NH18__Wh_6,-1,-1;NH18__Wh_7 "NH18__Wh_7" true true false 10 Long 0 10 ,First,#,SCprecincts2010,NH18__Wh_7,-1,-1;NH18__Wh_8 "NH18__Wh_8" true true false 10 Long 0 10 ,First,#,SCprecincts2010,NH18__Wh_8,-1,-1;NH18__Wh_9 "NH18__Wh_9" true true false 10 Long 0 10 ,First,#,SCprecincts2010,NH18__Wh_9,-1,-1;NH18__W_10 "NH18__W_10" true true false 10 Long 0 10 ,First,#,SCprecincts2010,NH18__W_10,-1,-1;NH18__Bl_1 "NH18__Bl_1" true true false 10 Long 0 10 ,First,#,SCprecincts2010,NH18__Bl_1,-1,-1;NH18__Bl_2 "NH18__Bl_2" true true false 10 Long 0 10 ,First,#,SCprecincts2010,NH18__Bl_2,-1,-1;NH18__Bl_3 "NH18__Bl_3" true true false 10 Long 0 10 ,First,#,SCprecincts2010,NH18__Bl_3,-1,-1;NH18__Bl_4 "NH18__Bl_4" true true false 10 Long 0 10 ,First,#,SCprecincts2010,NH18__Bl_4,-1,-1;NH18__Bl_5 "NH18__Bl_5" true true false 10 Long 0 10 ,First,#,SCprecincts2010,NH18__Bl_5,-1,-1;NH18__Bl_6 "NH18__Bl_6" true true false 10 Long 0 10 ,First,#,SCprecincts2010,NH18__Bl_6,-1,-1;NH18__In_1 "NH18__In_1" true true false 10 Long 0 10 ,First,#,SCprecincts2010,NH18__In_1,-1,-1;NH18__In_2 "NH18__In_2" true true false 10 Long 0 10 ,First,#,SCprecincts2010,NH18__In_2,-1,-1;NH18__In_3 "NH18__In_3" true true false 10 Long 0 10 ,First,#,SCprecincts2010,NH18__In_3,-1,-1;NH18__As_1 "NH18__As_1" true true false 10 Long 0 10 ,First,#,SCprecincts2010,NH18__As_1,-1,-1;NH18__W_11 "NH18__W_11" true true false 10 Long 0 10 ,First,#,SCprecincts2010,NH18__W_11,-1,-1;NH18__W_12 "NH18__W_12" true true false 10 Long 0 10 ,First,#,SCprecincts2010,NH18__W_12,-1,-1;NH18__W_13 "NH18__W_13" true true false 10 Long 0 10 ,First,#,SCprecincts2010,NH18__W_13,-1,-1;NH18__W_14 "NH18__W_14" true true false 10 Long 0 10 ,First,#,SCprecincts2010,NH18__W_14,-1,-1;NH18__W_15 "NH18__W_15" true true false 10 Long 0 10 ,First,#,SCprecincts2010,NH18__W_15,-1,-1;NH18__W_16 "NH18__W_16" true true false 10 Long 0 10 ,First,#,SCprecincts2010,NH18__W_16,-1,-1;NH18__W_17 "NH18__W_17" true true false 10 Long 0 10 ,First,#,SCprecincts2010,NH18__W_17,-1,-1;NH18__W_18 "NH18__W_18" true true false 10 Long 0 10 ,First,#,SCprecincts2010,NH18__W_18,-1,-1;NH18__W_19 "NH18__W_19" true true false 10 Long 0 10 ,First,#,SCprecincts2010,NH18__W_19,-1,-1;NH18__W_20 "NH18__W_20" true true false 10 Long 0 10 ,First,#,SCprecincts2010,NH18__W_20,-1,-1;NH18__Bl_7 "NH18__Bl_7" true true false 10 Long 0 10 ,First,#,SCprecincts2010,NH18__Bl_7,-1,-1;NH18__Bl_8 "NH18__Bl_8" true true false 10 Long 0 10 ,First,#,SCprecincts2010,NH18__Bl_8,-1,-1;NH18__Bl_9 "NH18__Bl_9" true true false 10 Long 0 10 ,First,#,SCprecincts2010,NH18__Bl_9,-1,-1;NH18__B_10 "NH18__B_10" true true false 10 Long 0 10 ,First,#,SCprecincts2010,NH18__B_10,-1,-1;NH18__In_4 "NH18__In_4" true true false 10 Long 0 10 ,First,#,SCprecincts2010,NH18__In_4,-1,-1;NH18__W_21 "NH18__W_21" true true false 10 Long 0 10 ,First,#,SCprecincts2010,NH18__W_21,-1,-1;NH18__W_22 "NH18__W_22" true true false 10 Long 0 10 ,First,#,SCprecincts2010,NH18__W_22,-1,-1;NH18__W_23 "NH18__W_23" true true false 10 Long 0 10 ,First,#,SCprecincts2010,NH18__W_23,-1,-1;NH18__W_24 "NH18__W_24" true true false 10 Long 0 10 ,First,#,SCprecincts2010,NH18__W_24,-1,-1;NH18__W_25 "NH18__W_25" true true false 10 Long 0 10 ,First,#,SCprecincts2010,NH18__W_25,-1,-1;NH18__B_11 "NH18__B_11" true true false 10 Long 0 10 ,First,#,SCprecincts2010,NH18__B_11,-1,-1;NH18__All_ "NH18__All_" true true false 10 Long 0 10 ,First,#,SCprecincts2010,NH18__All_,-1,-1;NH18__AP_W "NH18__AP_W" true true false 10 Long 0 10 ,First,#,SCprecincts2010,NH18__AP_W,-1,-1;NH18__NP_W "NH18__NP_W" true true false 10 Long 0 10 ,First,#,SCprecincts2010,NH18__NP_W,-1,-1;NH18__AP_B "NH18__AP_B" true true false 10 Long 0 10 ,First,#,SCprecincts2010,NH18__AP_B,-1,-1;NH18__NP_B "NH18__NP_B" true true false 10 Long 0 10 ,First,#,SCprecincts2010,NH18__NP_B,-1,-1;NH18__AP_I "NH18__AP_I" true true false 10 Long 0 10 ,First,#,SCprecincts2010,NH18__AP_I,-1,-1;NH18__NP_I "NH18__NP_I" true true false 10 Long 0 10 ,First,#,SCprecincts2010,NH18__NP_I,-1,-1;NH18__AP_A "NH18__AP_A" true true false 10 Long 0 10 ,First,#,SCprecincts2010,NH18__AP_A,-1,-1;NH18__NP_A "NH18__NP_A" true true false 10 Long 0 10 ,First,#,SCprecincts2010,NH18__NP_A,-1,-1;NH18__AP_H "NH18__AP_H" true true false 10 Long 0 10 ,First,#,SCprecincts2010,NH18__AP_H,-1,-1;NH18__NP_H "NH18__NP_H" true true false 10 Long 0 10 ,First,#,SCprecincts2010,NH18__NP_H,-1,-1;NH18__AP_O "NH18__AP_O" true true false 10 Long 0 10 ,First,#,SCprecincts2010,NH18__AP_O,-1,-1;NH18__NP_O "NH18__NP_O" true true false 10 Long 0 10 ,First,#,SCprecincts2010,NH18__NP_O,-1,-1;NH18__1_Ra "NH18__1_Ra" true true false 10 Long 0 10 ,First,#,SCprecincts2010,NH18__1_Ra,-1,-1;NH18__2__R "NH18__2__R" true true false 10 Long 0 10 ,First,#,SCprecincts2010,NH18__2__R,-1,-1;NH18__2_Ra "NH18__2_Ra" true true false 10 Long 0 10 ,First,#,SCprecincts2010,NH18__2_Ra,-1,-1;NH18__3_Ra "NH18__3_Ra" true true false 10 Long 0 10 ,First,#,SCprecincts2010,NH18__3_Ra,-1,-1;NH18__4_Ra "NH18__4_Ra" true true false 10 Long 0 10 ,First,#,SCprecincts2010,NH18__4_Ra,-1,-1;NH18__5_Ra "NH18__5_Ra" true true false 10 Long 0 10 ,First,#,SCprecincts2010,NH18__5_Ra,-1,-1;NH18__DOJ_ "NH18__DOJ_" true true false 10 Long 0 10 ,First,#,SCprecincts2010,NH18__DOJ_,-1,-1;NH18__DOJ1 "NH18__DOJ1" true true false 10 Long 0 10 ,First,#,SCprecincts2010,NH18__DOJ1,-1,-1;NH18__DO_1 "NH18__DO_1" true true false 10 Long 0 10 ,First,#,SCprecincts2010,NH18__DO_1,-1,-1;NH18__DO_2 "NH18__DO_2" true true false 10 Long 0 10 ,First,#,SCprecincts2010,NH18__DO_2,-1,-1;NH18__DO_3 "NH18__DO_3" true true false 10 Long 0 10 ,First,#,SCprecincts2010,NH18__DO_3,-1,-1;NH18__DO_4 "NH18__DO_4" true true false 10 Long 0 10 ,First,#,SCprecincts2010,NH18__DO_4,-1,-1;Housing_Un "Housing_Un" true true false 10 Long 0 10 ,First,#,SCprecincts2010,Housing_Un,-1,-1;HU_Occupie "HU_Occupie" true true false 10 Long 0 10 ,First,#,SCprecincts2010,HU_Occupie,-1,-1;HU_Vacant "HU_Vacant" true true false 10 Long 0 10 ,First,#,SCprecincts2010,HU_Vacant,-1,-1;SHAPE_Leng "SHAPE_Leng" true true false 19 Double 0 0 ,First,#,SCprecincts2010,SHAPE_Leng,-1,-1;SHAPE_Area "SHAPE_Area" true true false 19 Double 0 0 ,First,#,SCprecincts2010,SHAPE_Area,-1,-1" #</Process><Process ToolSource="c:\program files (x86)\arcgis\desktop10.6\ArcToolbox\Toolboxes\Data Management Tools.tbx\Project" Date="20190906" Time="212105">Project SCprecincts2010FC C:\Users\amvag\Desktop\SCprecincts2010.gdb\SCprecincts2010FC_Proj PROJCS['NAD_1983_2011_StatePlane_South_Carolina_FIPS_3900',GEOGCS['GCS_NAD_1983_2011',DATUM['D_NAD_1983_2011',SPHEROID['GRS_1980',6378137.0,298.257222101]],PRIMEM['Greenwich',0.0],UNIT['Degree',0.0174532925199433]],PROJECTION['Lambert_Conformal_Conic'],PARAMETER['False_Easting',609600.0],PARAMETER['False_Northing',0.0],PARAMETER['Central_Meridian',-81.0],PARAMETER['Standard_Parallel_1',32.5],PARAMETER['Standard_Parallel_2',34.83333333333334],PARAMETER['Latitude_Of_Origin',31.83333333333333],UNIT['Meter',1.0]] # GEOGCS['GCS_GRS_1980',DATUM['D_GRS_1980',SPHEROID['GRS_1980',6378137.0,298.257222101]],PRIMEM['Greenwich',0.0],UNIT['Degree',0.0174532925199433]] NO_PRESERVE_SHAPE # NO_VERTICAL</Process><Process ToolSource="c:\program files (x86)\arcgis\desktop10.6\ArcToolbox\Toolboxes\Data Management Tools.tbx\CalculateField" Date="20190906" Time="222555">CalculateField SCprecincts2010FC_Proj CountyCode "Int ( [County] )" VB #</Process><Process ToolSource="c:\program files (x86)\arcgis\desktop10.6\ArcToolbox\Toolboxes\Conversion Tools.tbx\FeatureClassToFeatureClass" Date="20191004" Time="215014">FeatureClassToFeatureClass SCprecincts2010FC_Final C:\Users\amvag\Desktop\SCprecincts2010.gdb\SCprecincts2010_FDS SCprecincts2010_FDS_TopTest # "ID "ID" true true false 4 Long 0 0 ,First,#,SCprecincts2010FC_Final,ID,-1,-1;Name "Name" true true false 54 Text 0 0 ,First,#,SCprecincts2010FC_Final,Name,-1,-1;Population "Population" true true false 4 Long 0 0 ,First,#,SCprecincts2010FC_Final,Population,-1,-1;CountyName "CountyName" true true false 50 Text 0 0 ,First,#,SCprecincts2010FC_Final,CountyName,-1,-1;Shape_Length "Shape_Length" false true true 8 Double 0 0 ,First,#,SCprecincts2010FC_Final,Shape_Length,-1,-1;Shape_Area "Shape_Area" false true true 8 Double 0 0 ,First,#,SCprecincts2010FC_Final,Shape_Area,-1,-1" #</Process><Process ToolSource="c:\program files (x86)\arcgis\desktop10.6\ArcToolbox\Toolboxes\Data Management Tools.tbx\CalculateField" Date="20191004" Time="231540">CalculateField SCprecincts2010FC_TopFixes HasHole hasHole(!Shape!) PYTHON_9.3 "def hasHole(geom):\n    parts = geom.partCount\n    boundaries = geom.boundary().partCount\n    if boundaries &gt; parts:\n        return 1\n    else:\n        return 0"</Process><Process ToolSource="c:\program files (x86)\arcgis\desktop10.6\ArcToolbox\Toolboxes\Data Management Tools.tbx\CalculateField" Date="20191008" Time="170901">CalculateField SCprecincts2010_v01 REP_Votes [Rvotes] VB #</Process><Process ToolSource="c:\program files (x86)\arcgis\desktop10.6\ArcToolbox\Toolboxes\Data Management Tools.tbx\CalculateField" Date="20191008" Time="171325">CalculateField SCprecincts2010_v01 DEM_Votes "[Dvotes] " VB #</Process><Process ToolSource="c:\program files (x86)\arcgis\desktop10.6\ArcToolbox\Toolboxes\Data Management Tools.tbx\CalculateField" Date="20191008" Time="171351">CalculateField SCprecincts2010_v01 OTHR_Votes [Ovotes] VB #</Process><Process ToolSource="c:\program files (x86)\arcgis\desktop10.6\ArcToolbox\Toolboxes\Data Management Tools.tbx\CalculateField" Date="20191008" Time="173123">CalculateField SCprecincts2010_v01 TOTAL_Vote "[REP_Votes]+ [DEM_Votes]" VB #</Process><Process ToolSource="c:\program files (x86)\arcgis\desktop10.6\ArcToolbox\Toolboxes\Data Management Tools.tbx\CalculateField" Date="20191008" Time="173701">CalculateField SCprecincts2010_v01 TotalVotes "[REP_Votes]+ [DEM_Votes]" VB #</Process><Process ToolSource="c:\program files (x86)\arcgis\desktop10.6\ArcToolbox\Toolboxes\Data Management Tools.tbx\Merge" Date="20191009" Time="214227">Merge SC_Boundary;SCprecincts2010_v03 C:\Users\amvag\Desktop\SCprecincts2010.gdb\SC_Merged "ID "ID" true true false 10 Long 0 10 ,First,#,SC_Boundary,ID,-1,-1,SCprecincts2010_v03,ID,-1,-1;Name "Name" true true false 54 Text 0 0 ,First,#,SC_Boundary,Name,-1,-1,SCprecincts2010_v03,Name,-1,-1;Population "Population" true true false 10 Long 0 10 ,First,#,SC_Boundary,Population,-1,-1,SCprecincts2010_v03,Population,-1,-1;CountyName "CountyName" true true false 50 Text 0 0 ,First,#,SC_Boundary,CountyName,-1,-1,SCprecincts2010_v03,CountyName,-1,-1;PSN "PSN" true true false 10 Long 0 10 ,First,#,SC_Boundary,PSN,-1,-1,SCprecincts2010_v03,PSN,-1,-1;Reg_Voters "Reg_Voters" true true false 10 Long 0 10 ,First,#,SC_Boundary,Reg_Voters,-1,-1,SCprecincts2010_v03,Reg_Voters,-1,-1;REP_Votes "REP_Votes" true true false 10 Long 0 10 ,First,#,SC_Boundary,REP_Votes,-1,-1,SCprecincts2010_v03,REP_Votes,-1,-1;DEM_Votes "DEM_Votes" true true false 10 Long 0 10 ,First,#,SC_Boundary,DEM_Votes,-1,-1,SCprecincts2010_v03,DEM_Votes,-1,-1;OTHR_Votes "OTHR_Votes" true true false 10 Long 0 10 ,First,#,SC_Boundary,OTHR_Votes,-1,-1,SCprecincts2010_v03,OTHR_Votes,-1,-1;Area "Area" true true false 19 Double 0 0 ,First,#,SC_Boundary,Area,-1,-1,SCprecincts2010_v03,Area,-1,-1;Perim "Perim" true true false 19 Double 0 0 ,First,#,SC_Boundary,Perim,-1,-1,SCprecincts2010_v03,Perim,-1,-1;CongD "CongD" true true false 5 Long 0 5 ,First,#,SC_Boundary,CongD,-1,-1,SCprecincts2010_v03,CongD,-1,-1;SenD "SenD" true true false 5 Long 0 5 ,First,#,SC_Boundary,SenD,-1,-1,SCprecincts2010_v03,SenD,-1,-1;HouseD "HouseD" true true false 5 Long 0 5 ,First,#,SC_Boundary,HouseD,-1,-1,SCprecincts2010_v03,HouseD,-1,-1"</Process><Process ToolSource="c:\program files (x86)\arcgis\desktop10.6\ArcToolbox\Toolboxes\Conversion Tools.tbx\FeatureClassToFeatureClass" Date="20191010" Time="093254">FeatureClassToFeatureClass SCprecincts2010_v03 C:\Users\amvag\Desktop\SCprecincts2010.gdb SCprecincts2010_WithOuter # "OBJECTID "OBJECTID" true true false 10 Long 0 10 ,First,#,SCprecincts2010_v03,OBJECTID,-1,-1;ID "ID" true true false 10 Long 0 10 ,First,#,SCprecincts2010_v03,ID,-1,-1;Name "Name" true true false 54 Text 0 0 ,First,#,SCprecincts2010_v03,Name,-1,-1;Population "Population" true true false 10 Long 0 10 ,First,#,SCprecincts2010_v03,Population,-1,-1;CountyName "CountyName" true true false 50 Text 0 0 ,First,#,SCprecincts2010_v03,CountyName,-1,-1;PSN "PSN" true true false 10 Long 0 10 ,First,#,SCprecincts2010_v03,PSN,-1,-1;Reg_Voters "Reg_Voters" true true false 10 Long 0 10 ,First,#,SCprecincts2010_v03,Reg_Voters,-1,-1;REP_Votes "REP_Votes" true true false 10 Long 0 10 ,First,#,SCprecincts2010_v03,REP_Votes,-1,-1;DEM_Votes "DEM_Votes" true true false 10 Long 0 10 ,First,#,SCprecincts2010_v03,DEM_Votes,-1,-1;OTHR_Votes "OTHR_Votes" true true false 10 Long 0 10 ,First,#,SCprecincts2010_v03,OTHR_Votes,-1,-1;Area "Area" true true false 19 Double 0 0 ,First,#,SCprecincts2010_v03,Area,-1,-1;Perim "Perim" true true false 19 Double 0 0 ,First,#,SCprecincts2010_v03,Perim,-1,-1;CongD "CongD" true true false 10 Long 0 10 ,First,#,SCprecincts2010_v03,CongD,-1,-1;SenD "SenD" true true false 10 Long 0 10 ,First,#,SCprecincts2010_v03,SenD,-1,-1;HouseD "HouseD" true true false 10 Long 0 10 ,First,#,SCprecincts2010_v03,HouseD,-1,-1;Shape_Leng "Shape_Leng" true true false 19 Double 0 0 ,First,#,SCprecincts2010_v03,Shape_Leng,-1,-1;Shape_Area "Shape_Area" true true false 19 Double 0 0 ,First,#,SCprecincts2010_v03,Shape_Area,-1,-1" #</Process><Process ToolSource="c:\program files (x86)\arcgis\desktop10.6\ArcToolbox\Toolboxes\Conversion Tools.tbx\FeatureClassToFeatureClass" Date="20191010" Time="193257">FeatureClassToFeatureClass SCprecincts2010_WithOuter C:\Users\amvag\Desktop\SCprecincts2010.gdb\SCprecincts2010_FDS SCprecincts2010_WithOuter_FC # "ID "ID" true true false 4 Long 0 0 ,First,#,SCprecincts2010_WithOuter,ID,-1,-1;Name "Name" true true false 54 Text 0 0 ,First,#,SCprecincts2010_WithOuter,Name,-1,-1;Population "Population" true true false 4 Long 0 0 ,First,#,SCprecincts2010_WithOuter,Population,-1,-1;CountyName "CountyName" true true false 50 Text 0 0 ,First,#,SCprecincts2010_WithOuter,CountyName,-1,-1;PSN "PSN" true true false 4 Long 0 0 ,First,#,SCprecincts2010_WithOuter,PSN,-1,-1;Reg_Voters "Reg_Voters" true true false 4 Long 0 0 ,First,#,SCprecincts2010_WithOuter,Reg_Voters,-1,-1;REP_Votes "REP_Votes" true true false 4 Long 0 0 ,First,#,SCprecincts2010_WithOuter,REP_Votes,-1,-1;DEM_Votes "DEM_Votes" true true false 4 Long 0 0 ,First,#,SCprecincts2010_WithOuter,DEM_Votes,-1,-1;OTHR_Votes "OTHR_Votes" true true false 4 Long 0 0 ,First,#,SCprecincts2010_WithOuter,OTHR_Votes,-1,-1;Area "Area" true true false 8 Double 0 0 ,First,#,SCprecincts2010_WithOuter,Area,-1,-1;Perim "Perim" true true false 8 Double 0 0 ,First,#,SCprecincts2010_WithOuter,Perim,-1,-1;CongD "CongD" true true false 4 Long 0 0 ,First,#,SCprecincts2010_WithOuter,CongD,-1,-1;SenD "SenD" true true false 4 Long 0 0 ,First,#,SCprecincts2010_WithOuter,SenD,-1,-1;HouseD "HouseD" true true false 4 Long 0 0 ,First,#,SCprecincts2010_WithOuter,HouseD,-1,-1;Shape_Leng "Shape_Leng" true true false 8 Double 0 0 ,First,#,SCprecincts2010_WithOuter,Shape_Leng,-1,-1;Shape_Length "Shape_Length" false true true 8 Double 0 0 ,First,#,SCprecincts2010_WithOuter,Shape_Length,-1,-1;Shape_Area "Shape_Area" false true true 8 Double 0 0 ,First,#,SCprecincts2010_WithOuter,Shape_Area,-1,-1" #</Process><Process ToolSource="c:\program files (x86)\arcgis\desktop10.6\ArcToolbox\Toolboxes\Data Management Tools.tbx\CalculateField" Date="20191010" Time="201956">CalculateField SCprecincts2010_WithOuter_FC CLCKWS_IDX [OBJECTID] VB #</Process><Process ToolSource="c:\program files (x86)\arcgis\desktop10.6\ArcToolbox\Toolboxes\Data Management Tools.tbx\CalculateField" Date="20191111" Time="163503">CalculateField SCprecincts2010_v04 NEW_PSN autoIncrement() PYTHON_9.3 "rec=0\ndef autoIncrement():\n global rec\n pStart = 1\n pInterval = 1\n if (rec == 0):\n  rec = pStart\n else:\n  rec += pInterval\n return rec"</Process><Process ToolSource="c:\program files (x86)\arcgis\desktop10.6\ArcToolbox\Toolboxes\Data Management Tools.tbx\CalculateField" Date="20191111" Time="163801">CalculateField SCprecincts2010_v04 NEW_PSN CalcThis() PYTHON_9.3 "Base = 0\ndef CalcThis():\n global Base\n Base += 1\n return Base"</Process></lineage></DataProperties><SyncDate>20191010</SyncDate><SyncTime>19325600</SyncTime><ModDate>20191010</ModDate><ModTime>19325600</ModTime></Esri><dataIdInfo><envirDesc Sync="TRUE"> Version 6.2 (Build 9200) ; Esri ArcGIS 10.6.1.9270</envirDesc><dataLang><languageCode value="eng" Sync="TRUE"></languageCode><countryCode value="USA" Sync="TRUE"></countryCode></dataLang><idCitation><resTitle Sync="TRUE">SCprecincts2010_WithOuter_FC</resTitle><presForm><PresFormCd value="005" Sync="TRUE"></PresFormCd></presForm></idCitation><spatRpType><SpatRepTypCd value="001" Sync="TRUE"></SpatRepTypCd></spatRpType></dataIdInfo><mdLang><languageCode value="eng" Sync="TRUE"></languageCode><countryCode value="USA" Sync="TRUE"></countryCode></mdLang><distInfo><distFormat><formatName Sync="TRUE">File Geodatabase Feature Class</formatName></distFormat></distInfo><mdHrLv><ScopeCd value="005" Sync="TRUE"></ScopeCd></mdHrLv><mdHrLvName Sync="TRUE">dataset</mdHrLvName><refSysInfo><RefSystem><refSysID><identCode code="6569" Sync="TRUE"></identCode><idCodeSpace Sync="TRUE">EPSG</idCodeSpace><idVersion Sync="TRUE">8.2.10(10.3.1)</idVersion></refSysID></RefSystem></refSysInfo><spatRepInfo><VectSpatRep><geometObjs Name="SCprecincts2010_WithOuter_FC"><geoObjTyp><GeoObjTypCd value="002" Sync="TRUE"></GeoObjTypCd></geoObjTyp><geoObjCnt Sync="TRUE">0</geoObjCnt></geometObjs><topLvl><TopoLevCd value="001" Sync="TRUE"></TopoLevCd></topLvl></VectSpatRep></spatRepInfo><spdoinfo><ptvctinf><esriterm Name="SCprecincts2010_WithOuter_FC"><efeatyp Sync="TRUE">Simple</efeatyp><efeageom code="4" Sync="TRUE"></efeageom><esritopo Sync="TRUE">FALSE</esritopo><efeacnt Sync="TRUE">0</efeacnt><spindex Sync="TRUE">TRUE</spindex><linrefer Sync="TRUE">FALSE</linrefer></esriterm></ptvctinf></spdoinfo><eainfo><detailed Name="SCprecincts2010_WithOuter_FC"><enttyp><enttypl Sync="TRUE">SCprecincts2010_WithOuter_FC</enttypl><enttypt Sync="TRUE">Feature Class</enttypt><enttypc Sync="TRUE">0</enttypc></enttyp><attr><attrlabl Sync="TRUE">Shape</attrlabl><attalias Sync="TRUE">Shape</attalias><attrtype Sync="TRUE">Geometry</attrtype><attwidth Sync="TRUE">0</attwidth><atprecis Sync="TRUE">0</atprecis><attscale Sync="TRUE">0</attscale><attrdef Sync="TRUE">Feature geometry.</attrdef><attrdefs Sync="TRUE">Esri</attrdefs><attrdomv><udom Sync="TRUE">Coordinates defining the features.</udom></attrdomv></attr><attr><attrlabl Sync="TRUE">OBJECTID</attrlabl><attalias Sync="TRUE">OBJECTID</attalias><attrtype Sync="TRUE">OID</attrtype><attwidth Sync="TRUE">4</attwidth><atprecis Sync="TRUE">0</atprecis><attscale Sync="TRUE">0</attscale><attrdef Sync="TRUE">Internal feature number.</attrdef><attrdefs Sync="TRUE">Esri</attrdefs><attrdomv><udom Sync="TRUE">Sequential unique whole numbers that are automatically generated.</udom></attrdomv></attr><attr><attrlabl Sync="TRUE">ID</attrlabl><attalias Sync="TRUE">ID</attalias><attrtype Sync="TRUE">Integer</attrtype><attwidth Sync="TRUE">4</attwidth><atprecis Sync="TRUE">0</atprecis><attscale Sync="TRUE">0</attscale></attr><attr><attrlabl Sync="TRUE">Name</attrlabl><attalias Sync="TRUE">Name</attalias><attrtype Sync="TRUE">String</attrtype><attwidth Sync="TRUE">54</attwidth><atprecis Sync="TRUE">0</atprecis><attscale Sync="TRUE">0</attscale></attr><attr><attrlabl Sync="TRUE">Population</attrlabl><attalias Sync="TRUE">Population</attalias><attrtype Sync="TRUE">Integer</attrtype><attwidth Sync="TRUE">4</attwidth><atprecis Sync="TRUE">0</atprecis><attscale Sync="TRUE">0</attscale></attr><attr><attrlabl Sync="TRUE">CountyName</attrlabl><attalias Sync="TRUE">CountyName</attalias><attrtype Sync="TRUE">String</attrtype><attwidth Sync="TRUE">50</attwidth><atprecis Sync="TRUE">0</atprecis><attscale Sync="TRUE">0</attscale></attr><attr><attrlabl Sync="TRUE">PSN</attrlabl><attalias Sync="TRUE">PSN</attalias><attrtype Sync="TRUE">Integer</attrtype><attwidth Sync="TRUE">4</attwidth><atprecis Sync="TRUE">0</atprecis><attscale Sync="TRUE">0</attscale></attr><attr><attrlabl Sync="TRUE">Reg_Voters</attrlabl><attalias Sync="TRUE">Reg_Voters</attalias><attrtype Sync="TRUE">Integer</attrtype><attwidth Sync="TRUE">4</attwidth><atprecis Sync="TRUE">0</atprecis><attscale Sync="TRUE">0</attscale></attr><attr><attrlabl Sync="TRUE">REP_Votes</attrlabl><attalias Sync="TRUE">REP_Votes</attalias><attrtype Sync="TRUE">Integer</attrtype><attwidth Sync="TRUE">4</attwidth><atprecis Sync="TRUE">0</atprecis><attscale Sync="TRUE">0</attscale></attr><attr><attrlabl Sync="TRUE">DEM_Votes</attrlabl><attalias Sync="TRUE">DEM_Votes</attalias><attrtype Sync="TRUE">Integer</attrtype><attwidth Sync="TRUE">4</attwidth><atprecis Sync="TRUE">0</atprecis><attscale Sync="TRUE">0</attscale></attr><attr><attrlabl Sync="TRUE">OTHR_Votes</attrlabl><attalias Sync="TRUE">OTHR_Votes</attalias><attrtype Sync="TRUE">Integer</attrtype><attwidth Sync="TRUE">4</attwidth><atprecis Sync="TRUE">0</atprecis><attscale Sync="TRUE">0</attscale></attr><attr><attrlabl Sync="TRUE">Area</attrlabl><attalias Sync="TRUE">Area</attalias><attrtype Sync="TRUE">Double</attrtype><attwidth Sync="TRUE">8</attwidth><atprecis Sync="TRUE">0</atprecis><attscale Sync="TRUE">0</attscale></attr><attr><attrlabl Sync="TRUE">Perim</attrlabl><attalias Sync="TRUE">Perim</attalias><attrtype Sync="TRUE">Double</attrtype><attwidth Sync="TRUE">8</attwidth><atprecis Sync="TRUE">0</atprecis><attscale Sync="TRUE">0</attscale></attr><attr><attrlabl Sync="TRUE">CongD</attrlabl><attalias Sync="TRUE">CongD</attalias><attrtype Sync="TRUE">Integer</attrtype><attwidth Sync="TRUE">4</attwidth><atprecis Sync="TRUE">0</atprecis><attscale Sync="TRUE">0</attscale></attr><attr><attrlabl Sync="TRUE">SenD</attrlabl><attalias Sync="TRUE">SenD</attalias><attrtype Sync="TRUE">Integer</attrtype><attwidth Sync="TRUE">4</attwidth><atprecis Sync="TRUE">0</atprecis><attscale Sync="TRUE">0</attscale></attr><attr><attrlabl Sync="TRUE">HouseD</attrlabl><attalias Sync="TRUE">HouseD</attalias><attrtype Sync="TRUE">Integer</attrtype><attwidth Sync="TRUE">4</attwidth><atprecis Sync="TRUE">0</atprecis><attscale Sync="TRUE">0</attscale></attr><attr><attrlabl Sync="TRUE">Shape_Leng</attrlabl><attalias Sync="TRUE">Shape_Leng</attalias><attrtype Sync="TRUE">Double</attrtype><attwidth Sync="TRUE">8</attwidth><atprecis Sync="TRUE">0</atprecis><attscale Sync="TRUE">0</attscale></attr><attr><attrlabl Sync="TRUE">Shape_Length</attrlabl><attalias Sync="TRUE">Shape_Length</attalias><attrtype Sync="TRUE">Double</attrtype><attwidth Sync="TRUE">8</attwidth><atprecis Sync="TRUE">0</atprecis><attscale Sync="TRUE">0</attscale><attrdef Sync="TRUE">Length of feature in internal units.</attrdef><attrdefs Sync="TRUE">Esri</attrdefs><attrdomv><udom Sync="TRUE">Positive real numbers that are automatically generated.</udom></attrdomv></attr><attr><attrlabl Sync="TRUE">Shape_Area</attrlabl><attalias Sync="TRUE">Shape_Area</attalias><attrtype Sync="TRUE">Double</attrtype><attwidth Sync="TRUE">8</attwidth><atprecis Sync="TRUE">0</atprecis><attscale Sync="TRUE">0</attscale><attrdef Sync="TRUE">Area of feature in internal units squared.</attrdef><attrdefs Sync="TRUE">Esri</attrdefs><attrdomv><udom Sync="TRUE">Positive real numbers that are automatically generated.</udom></attrdomv></attr></detailed></eainfo><mdDateSt Sync="TRUE">20191010</mdDateSt></metadata>
